{
  "train_loss": [
    0.6821993690769689,
    0.6180195966545416,
    0.6069972073139788,
    0.5978499661092045,
    0.5872198027007434,
    0.5782092590721286,
    0.5785780251026154,
    0.5639100224793363,
    0.5477839006858618,
    0.5476000560384219,
    0.5442825053013912,
    0.541363616176203,
    0.5276270241153483,
    0.5128427652680144,
    0.5160550010853073,
    0.5175443753904226,
    0.5137398092925143,
    0.518122362644494,
    0.5049007382928109,
    0.5100858923123808,
    0.5040757763547962,
    0.49282254592902,
    0.49030326235862004,
    0.4901790002576348,
    0.490600211076996,
    0.48908713804621273,
    0.4783436143073906,
    0.47687576032009255,
    0.4791778997093642,
    0.4729644343966529,
    0.4795432332016173,
    0.46993811965799653,
    0.46865572106270564,
    0.4755006233851115,
    0.47615545521788044,
    0.45096925407850824,
    0.46268196920959315,
    0.4592299228217326,
    0.47672238783771487,
    0.4665676655412531,
    0.46794547880587933,
    0.4611827287138725,
    0.45566343348853444,
    0.44665700055304025,
    0.4567309082770834,
    0.45582497890303736,
    0.4368675304513399,
    0.44179208424626565,
    0.43227184629764687,
    0.4470575928282576,
    0.44349624834904056,
    0.4378592813907026,
    0.43911355348671377,
    0.45137761442028745,
    0.43413083143785697,
    0.44410376159512266,
    0.43563594988414217,
    0.43724295963235454,
    0.4331062699661774,
    0.4256829864719287,
    0.4396658485033074,
    0.43481035783988276,
    0.4262125715106523,
    0.40736891684078036,
    0.4374356204960622,
    0.4334410680394594,
    0.4208555284406052,
    0.43279103316417356,
    0.43357401457773587,
    0.4291908005062415,
    0.4244335723572037,
    0.4223763454122608,
    0.40794881914748626,
    0.42822537941186606,
    0.41997904822128973,
    0.40827632274757436,
    0.43118167633102056,
    0.4176872482105177,
    0.4141505099072748
  ],
  "train_acc": [
    0.6595117845117845,
    0.7439320388349514,
    0.7738636363636363,
    0.7747641509433962,
    0.7989969135802469,
    0.7959905660377359,
    0.8133333333333334,
    0.8218654434250765,
    0.8426375404530745,
    0.8370833333333333,
    0.8488095238095238,
    0.8535825545171339,
    0.8510220125786163,
    0.8712462462462462,
    0.8806818181818182,
    0.8682539682539683,
    0.8870370370370371,
    0.86125,
    0.899822695035461,
    0.8782679738562091,
    0.8894389438943895,
    0.9097938144329897,
    0.9044117647058824,
    0.9040404040404041,
    0.9005775577557755,
    0.9065420560747663,
    0.911993769470405,
    0.9075292397660819,
    0.9112149532710281,
    0.9140151515151516,
    0.9153645833333334,
    0.919093851132686,
    0.92601246105919,
    0.9174603174603174,
    0.9246632996632996,
    0.9332561728395061,
    0.9250801282051282,
    0.9356884057971014,
    0.9120833333333334,
    0.9435763888888888,
    0.9323432343234324,
    0.9421052631578948,
    0.9330808080808081,
    0.9348705501618123,
    0.9319571865443425,
    0.9456349206349206,
    0.9441896024464832,
    0.9479166666666666,
    0.9466019417475728,
    0.9456699346405228,
    0.9459459459459459,
    0.9517746913580247,
    0.956060606060606,
    0.9511784511784511,
    0.9535714285714286,
    0.9496699669966997,
    0.9533333333333334,
    0.9537953795379538,
    0.955952380952381,
    0.9614779874213837,
    0.953656462585034,
    0.9553571428571429,
    0.9618055555555556,
    0.9688473520249221,
    0.9640522875816994,
    0.9574915824915825,
    0.9583333333333334,
    0.9575242718446602,
    0.9670138888888888,
    0.9623015873015873,
    0.968042071197411,
    0.9673423423423423,
    0.9750712250712251,
    0.9652777777777778,
    0.9683779761904762,
    0.9693627450980392,
    0.9674908424908425,
    0.9693627450980392,
    0.9705387205387206
  ],
  "train_f1": [
    0.6534970815504201,
    0.7421599663017056,
    0.7720903908714766,
    0.7736198430283806,
    0.798025917600978,
    0.7950854114318708,
    0.8133407222273534,
    0.8212937707057928,
    0.8427229433549518,
    0.8369268620442329,
    0.8486145489235416,
    0.8532015911759435,
    0.8507481305080227,
    0.8712862524221506,
    0.8805484823147411,
    0.8680894585325789,
    0.886902303183012,
    0.8612056020351275,
    0.8997874013640045,
    0.8780894750625455,
    0.8893358090727901,
    0.9097918170416969,
    0.9043766007386053,
    0.9040363244956366,
    0.9004950098215175,
    0.9064948728508523,
    0.9119947303216137,
    0.9075073113702903,
    0.9111690862941343,
    0.9140024558069475,
    0.9153601987353441,
    0.9190323536039028,
    0.9260164103164121,
    0.9174075066319963,
    0.9246499065196061,
    0.9332262582407628,
    0.9250827377875194,
    0.9356910968641075,
    0.91200409367653,
    0.9435553751106147,
    0.9323251699080108,
    0.9421052186097405,
    0.9330577578069951,
    0.9348561257617602,
    0.9319423096683024,
    0.9456354599717898,
    0.9441912341014026,
    0.9479149756819396,
    0.9466102622134762,
    0.9456586258053894,
    0.9459453975496281,
    0.9517795369762858,
    0.9560607069325008,
    0.9511778629899468,
    0.953571040910301,
    0.9496779205038152,
    0.9533374279524606,
    0.9537802359013816,
    0.9559539833249318,
    0.9614714375128851,
    0.953656755798933,
    0.9553600241021228,
    0.9618063574037085,
    0.9688518914185518,
    0.9640511581834682,
    0.9574980227603112,
    0.9583418372868986,
    0.9575245708257937,
    0.9670144359139936,
    0.96230025118914,
    0.9680411135683558,
    0.9673419972052598,
    0.9750716298084078,
    0.9652781702437375,
    0.9683798819828231,
    0.9693664834347763,
    0.9674907947820331,
    0.9693599867714957,
    0.9705372174793183
  ],
  "val_loss": [
    0.5970331663265824,
    0.5663064112886786,
    0.5543344020843506,
    0.6395751656964421,
    0.4850921519100666,
    0.5275089694187045,
    0.49482558760792017,
    0.5046230480074883,
    0.5063129793852568,
    0.4786016223952174,
    0.47464154567569494,
    0.4814146449789405,
    0.4645410915836692,
    0.4858656609430909,
    0.4530846765264869,
    0.4576569302007556,
    0.4751952672377229,
    0.4312644535675645,
    0.4212403688579798,
    0.4228062964975834,
    0.44457199797034264,
    0.4402889730408788,
    0.4433494061231613,
    0.41851545218378305,
    0.43361873645335436,
    0.4104484701529145,
    0.40503790508955717,
    0.45610724203288555,
    0.4743825951591134,
    0.41147439926862717,
    0.4049415457993746,
    0.4099321449175477,
    0.4215012788772583,
    0.39111984241753817,
    0.3945163479074836,
    0.4606986893340945,
    0.39601274114102125,
    0.3955178828909993,
    0.3938652668148279,
    0.39057945646345615,
    0.3808264983817935,
    0.38673119340091944,
    0.3950493400916457,
    0.4165962729603052,
    0.38382348883897066,
    0.37281323317438364,
    0.3711602119728923,
    0.3698135232552886,
    0.3682280629873276,
    0.3668458005413413,
    0.3664379771798849,
    0.40467680897563696,
    0.3662784565240145,
    0.37078181374818087,
    0.37228256557136774,
    0.37371211778372526,
    0.37658075895160437,
    0.3691672431305051,
    0.36689504887908697,
    0.4053884167224169,
    0.3688736893236637,
    0.3731397958472371,
    0.3622063845396042,
    0.3613420566543937,
    0.3616624753922224,
    0.37086628563702106,
    0.36483847722411156,
    0.3665433544665575,
    0.3844599211588502,
    0.36334341671317816,
    0.3636535070836544,
    0.36098145227879286,
    0.35574548691511154,
    0.3595430748537183,
    0.36113127414137125,
    0.35949050541967154,
    0.3597449902445078,
    0.36197394970804453,
    0.3609725767746568
  ],